"gid","date","home","away","p_home","margin","total","made"
"401857215","2026-09-24","18","131935","0.6055","2.72","170.41","2026-09-24 22:16"
"401857216","2026-09-24","16","19","0.8741","11.65","169.00","2026-09-24 22:16"
"401857217","2026-09-24","8","5","0.6065","2.75","187.85","2026-09-24 22:16"
"401857218","2026-09-24","6","129689","0.1410","-10.94","160.60","2026-09-24 22:16"
"401857219","2026-09-24","11","17","0.2551","-6.69","174.50","2026-09-24 22:16"
"401918017","2026-09-29","9","8","0.4262","-1.89","178.08","2026-09-28 18:28"
"401918018","2026-09-29","5","17","0.5638","1.63","189.21","2026-09-28 18:28"
"401918019","2026-09-30","16","20","0.4187","-2.09","170.42","2026-09-28 18:28"
"401918020","2026-09-30","3","129689","0.4569","-1.10","161.89","2026-09-28 18:28"
"401918021","2026-10-01","8","9","0.7306","6.25","178.08","2026-09-28 18:28"
"401918293","2026-10-02","20","16","0.7369","6.44","170.42","2026-09-28 18:28"
"401918022","2026-10-01","17","5","0.6303","3.38","189.57","2026-10-01 19:03"
"401918294","2026-10-02","129689","3","0.6839","4.86","164.69","2026-10-02 22:47"
"401918295","2026-10-04","20","9","0.6776","4.69","175.95","2026-10-03 15:22"
"401918296","2026-10-04","129689","17","0.5191","0.49","163.42","2026-10-03 15:22"
"401918297","2026-10-07","20","9","0.6641","4.31","176.05","2026-10-05 08:33"
"401918298","2026-10-07","129689","17","0.5305","0.78","161.53","2026-10-05 08:33"
"401918299","2026-10-09","9","20","0.5020","0.05","176.05","2026-10-05 08:33"
"401918300","2026-10-09","17","129689","0.6376","3.58","161.53","2026-10-05 08:33"
"401918301","2026-10-11","9","20","0.5020","0.05","176.05","2026-10-05 08:33"
"401918302","2026-10-11","17","129689","0.6376","3.58","161.53","2026-10-05 08:33"
